offset_num,thesis_id,surface_age,field_wp,northing,easting, zone, longitude, latitude,graben_pair,topo_feature,confidence,DEM_ID,min_prof_faultdist,max_prof_faultdist,margin_only,vert1,lat1,vert2,lat2,vert3,lat3,vert4,lat4,vert5,lat5,vert6,lat6,vert7,lat7,vert8,lat8,lat_mean,lat_stdev,Z_mean,Z_stdev,displace_vec_mag1,displace_vec_mag2,displace_vec_mag3,displace_vec_mag4,displace_vec_mag5,displace_vec_mag6,displace_vec_mag7,displace_vec_mag8,mean_disVecMag,vert_1mRL,,,,,,,,,,,,,,,,,,,,
176,B001,Qf6b,,3986487,475614,11,-117.27065,36.02259,,bar,3,s9_10clip_a,4,7,n,0.55,0.73,0.50,0.91,0.51,0.73,0.48,1.00,0.55,0.86,,,,,,,0.84,0.12,0.52,0.03,0.91,1.04,0.89,1.11,1.02,0.00,0.00,0.00,0.99,0.61,,,,,,,,,,,,,,,,,,,,
177,B002,Qf6b,,3986481,475613,11,-117.27066,36.02253,,bar,1,s9_10clip_a,2,4,y,0.04,0.82,0.01,0.77,0.01,0.82,0.00,0.73,0.00,0.68,,,,,,,0.76,0.06,0.01,0.01,0.82,0.77,0.82,0.73,0.68,0.00,0.00,0.00,0.76,0.02,,,,,,,,,,,,,,,,,,,,
178,B003,Qf6b,,3986474,475631,11,-117.27046,36.02247,,bar,2,s9_10clip_a,2,5,n,0.03,1.23,0.04,0.91,0.04,1.18,0.04,1.27,0.04,1.04,,,,,,,1.13,0.15,0.04,0.00,1.23,0.91,1.18,1.27,1.04,0.00,0.00,0.00,1.13,0.03,,,,,,,,,,,,,,,,,,,,
187,B004,Qf6a,,3986417,475582,11,-117.27100,36.02195,,bar,1,RT7_8clip_a,1,3,n,0.05,0.85,0.03,0.80,0.07,0.71,0.06,0.67,0.09,0.67,,,,,,,0.74,0.08,0.06,0.02,0.85,0.80,0.72,0.67,0.67,0.00,0.00,0.00,0.74,0.08,,,,,,,,,,,,,,,,,,,,
188,B005,Qf6a,,3986523,475814,11,-117.26843,36.02291,,bar,2,RT7_8clip_a,1,3,n,0.01,0.71,0.00,0.67,0.01,0.80,0.01,0.76,0.00,0.80,,,,,,,0.75,0.06,0.01,0.00,0.71,0.67,0.80,0.76,0.80,0.00,0.00,0.00,0.75,0.01,,,,,,,,,,,,,,,,,,,,
189,B006,Qf6a,,3986494,475802,11,-117.26856,36.02265,,bar,2,RT7_8clip_a,2,3,n,0.07,0.85,0.07,0.94,0.09,0.71,0.09,0.85,0.07,0.94,,,,,,,0.86,0.09,0.08,0.01,0.85,0.94,0.72,0.85,0.94,0.00,0.00,0.00,0.86,0.09,,,,,,,,,,,,,,,,,,,,
190,B007,Qf6a,,3986512,475867,11,-117.26784,36.02281,,bar,2,RT7_8clip_a,2,3,n,0.05,1.16,,,0.06,0.80,0.07,0.80,0.09,0.98,0.08,1.12,,,,,0.97,0.17,0.07,0.02,1.16,0.00,0.81,0.81,0.99,1.12,0.00,0.00,0.98,0.07,,,,,,,,,,,,,,,,,,,,
191,B008,Qf6b,,3986490,475810,11,-117.26847,36.02261,,bar,2,RT7_8clip_b,2,3,n,0.00,1.52,0.00,1.65,0.03,1.47,,,0.01,1.29,0.01,1.38,0.02,1.52,,,1.47,0.12,0.01,0.01,1.52,1.65,1.47,0.00,1.29,1.38,1.52,0.00,1.47,0.01,,,,,,,,,,,,,,,,,,,,
179,B009,Qf6b,,3986454,475555,11,-117.27131,36.02228,,bar and swale,3,RT7_8clip_b,1,3,n,0.07,1.03,0.07,0.76,0.05,1.12,0.07,1.12,0.08,0.89,,,,,,,0.98,0.15,0.07,0.01,1.03,0.76,1.12,1.12,0.90,0.00,0.00,0.00,0.98,0.07,,,,,,,,,,,,,,,,,,,,
192,B010,Qf6b,,3986475,475809,11,-117.26849,36.02248,,bar,1,RT7_8clip_c,2,3,n,0.05,0.98,0.12,1.20,0.10,0.85,0.12,1.25,0.08,0.89,,,,,,,1.03,0.18,0.09,0.03,0.98,1.21,0.85,1.25,0.90,0.00,0.00,0.00,1.04,0.09,,,,,,,,,,,,,,,,,,,,
186,B011,Qf6b,,3986407,475560,11,-117.27124,36.02186,,bar,1,RT7_8clip_c,1,5,n,0.08,1.12,0.04,1.12,0.02,0.93,0.04,1.33,0.01,1.20,,,,,,,1.14,0.15,0.04,0.03,1.12,1.12,0.93,1.33,1.20,0.00,0.00,0.00,1.14,0.03,,,,,,,,,,,,,,,,,,,,
185,B012,Qf6b,,3986409,475552,11,-117.27133,36.02188,,bar,1,RT7_8clip_c,2,4,n,0.01,1.29,0.05,1.43,0.03,1.38,0.01,1.20,0.06,1.16,,,,,,,1.29,0.11,0.03,0.02,1.29,1.43,1.38,1.20,1.16,0.00,0.00,0.00,1.29,0.02,,,,,,,,,,,,,,,,,,,,
180,B013,Qf6b,18,3986458,475560,11,-117.27125,36.02232,,bar and swale,2.5,RT7_8clip_c,2,4,n,0.07,0.71,0.07,0.58,0.05,0.94,0.07,0.80,0.04,0.67,,,,,,,0.74,0.14,0.06,0.01,0.72,0.58,0.94,0.81,0.67,0.00,0.00,0.00,0.74,0.08,,,,,,,,,,,,,,,,,,,,
181,B014,Qf6b,,3986461,475574,11,-117.27109,36.02235,,bar and swale,1,RT7_8clip_c,2,4,y,0.08,0.40,0.06,0.49,0.07,0.62,0.04,0.67,0.07,0.58,,,,,,,0.55,0.11,0.06,0.02,0.41,0.49,0.63,0.67,0.58,0.00,0.00,0.00,0.56,0.11,,,,,,,,,,,,,,,,,,,,
183,B015,Qf6b,,3986449,475631,11,-117.27046,36.02224,,bar and swale,1.5,RT7_8clip_c,1,3,y,0.00,0.76,0.01,0.62,0.00,0.45,0.01,0.58,0.00,0.54,,,,,,,0.59,0.12,0.01,0.00,0.76,0.62,0.45,0.58,0.54,0.00,0.00,0.00,0.59,0.01,,,,,,,,,,,,,,,,,,,,
182,B016,Qf6b,,3986462,475615,11,-117.27064,36.02236,,bar and swale,1,RT7_8clip_c,5,8,n,0.01,1.07,0.03,1.29,0.03,1.16,0.02,1.25,0.05,0.94,,,,,,,1.14,0.14,0.03,0.01,1.07,1.29,1.16,1.25,0.94,0.00,0.00,0.00,1.14,0.03,,,,,,,,,,,,,,,,,,,,
184,B017,Qf6b,,3986432,475564,11,-117.27120,36.02209,,bar and swale,2,RT7_8clip_c,2,3,n,0.03,0.49,0.03,0.58,0.00,0.45,0.02,0.58,0.04,0.54,,,,,,,0.53,0.06,0.03,0.02,0.49,0.58,0.45,0.58,0.54,0.00,0.00,0.00,0.53,0.05,,,,,,,,,,,,,,,,,,,,
37,B018,Qf6a,,3985181,474031,11,-117.28817,36.01077,,bar,3,TZC1_clip1,1,5,n,0.28,0.58,0.27,0.77,0.28,0.69,0.25,0.88,0.26,0.61,,,,,,,0.71,0.12,0.27,0.01,0.64,0.81,0.74,0.92,0.67,0.00,0.00,0.00,0.76,0.38,,,,,,,,,,,,,,,,,,,,
32,B019,Qf7,,3985190,473993,11,-117.28860,36.01084,,terrace,2,TZC1_clip1,1,3,y,0.037,0.65,0.13,0.65,0.05,0.61,0.08,0.69,0.07,0.69,,,,,,0.6604,0.66,0.03,0.07,0.03,0.65,0.67,0.62,0.70,0.69,0.00,0.00,0.66,0.66,0.11,,,,,,,,,,,,,,,,,,,,
74,B020,Qf7,71,3985447,474887,11,-117.27868,36.01318,,bar,1,TZC1_clip1,1,5,n,0.19,0.85,0.21,1.00,0.18,0.96,0.26,1.07,0.21,1.00,0.22,0.85,0.20,1.19,0.21,1.15,1.01,0.13,0.21,0.02,0.87,1.02,0.98,1.11,1.02,0.88,1.21,1.17,1.03,0.21,,,,,,,,,,,,,,,,,,,,
75,B021,Qf6a,69,3985440,474886,11,-117.27869,36.01312,,bar,2,TZC1_clip1,1,5,n,0.13,1.19,0.09,1.11,0.10,1.34,0.10,1.34,0.17,1.23,0.16,1.27,,,,,1.25,0.09,0.13,0.03,1.20,1.12,1.35,1.35,1.24,1.28,0.00,0.00,1.25,0.10,,,,,,,,,,,,,,,,,,,,
68,B022,Qf6b,,3985466,474807,11,-117.27958,36.01336,,bar,3,TZC1_clip2,1,5,n,0.18,1.19,0.21,0.96,0.23,0.92,0.18,0.84,0.24,0.88,,,,,,,0.96,0.14,0.21,0.02,1.20,0.98,0.95,0.86,0.91,0.00,0.00,0.00,0.98,0.22,,,,,,,,,,,,,,,,,,,,
67,B023,Qf6b,,3985462,474794,11,-117.27972,36.01332,,bar and swale,2,TZC1_clip2,5,15,n,,,0.43,2.84,,,0.41,2.46,0.34,2.96,0.48,2.42,0.44,2.26,0.42,2.96,2.65,0.30,0.42,0.05,0.00,2.87,0.00,2.49,2.98,2.46,2.31,2.98,2.68,0.16,,,,,,,,,,,,,,,,,,,,
46,B024,Qf7,65,3985180,474055,11,-117.28791,36.01076,,6a and 7 contact,2,TZC1_clip2,2,5,y,,,0.87,1.31,0.78,1.23,0.67,1.07,0.82,0.77,0.80,1.04,0.74,0.96,,,1.06,0.19,0.78,0.07,0.00,1.57,1.46,1.27,1.12,1.31,1.21,0.00,1.32,0.74,,,,,,,,,,,,,,,,,,,,
47,B025,Qf7,66,3985178,474053,11,-117.28793,36.01074,,6a and 7 contact,2,TZC1_clip2,5,10,y,0.58,1.77,0.46,1.80,0.35,1.88,0.59,1.50,0.66,1.57,0.54,1.61,0.48,1.54,,,1.67,0.15,0.52,0.10,1.86,1.86,1.91,1.61,1.71,1.70,1.61,0.00,1.75,0.31,,,,,,,,,,,,,,,,,,,,
33,B026,Qf6a,,3985187,473992,11,-117.28861,36.01082,,bar,2,TZC1_clip2,5,10,y,0.20,2.26,0.20,1.65,0.34,2.03,0.37,2.03,0.24,1.84,0.45,1.80,,,,,1.94,0.22,0.30,0.10,2.27,1.66,2.06,2.07,1.86,1.86,0.00,0.00,1.96,0.16,,,,,,,,,,,,,,,,,,,,
48,B027,Qf6a,76,3985179,474060,11,-117.28786,36.01075,,bar,3,TZC1_clip2,1,5,y,0.15,0.73,0.14,0.88,0.17,0.50,0.14,0.88,0.15,0.65,,,,,,,0.73,0.16,0.15,0.01,0.75,0.89,0.53,0.89,0.67,0.00,0.00,0.00,0.75,0.21,,,,,,,,,,,,,,,,,,,,
49,B028,Qf6a,75,3985173,474062,11,-117.28783,36.01069,,bar,2,TZC1_clip2,1,5,n,0.15,0.81,0.15,0.69,0.17,0.58,0.19,0.58,0.17,0.50,0.17,0.77,0.18,0.81,,,0.67,0.13,0.17,0.02,0.82,0.71,0.60,0.61,0.53,0.79,0.83,0.00,0.70,0.25,,,,,,,,,,,,,,,,,,,,
50,B029,Qf6a,74,3985123,473983,11,-117.28871,36.01024,,bar,2,TZC1_clip2,1,3,n,0.10,1.31,0.06,1.38,0.07,1.54,0.11,1.34,0.17,1.46,,,,,,,1.40,0.09,0.10,0.04,1.31,1.38,1.54,1.35,1.47,0.00,0.00,0.00,1.41,0.07,,,,,,,,,,,,,,,,,,,,
51,B030,Qf6a,72,3985114,473985,11,-117.28868,36.01016,,bar,2,TZC1_clip2,1,5,y,,,,,0.11,0.50,0.16,0.73,0.11,0.65,0.17,0.58,0.17,0.92,,,0.68,0.16,0.14,0.03,0.00,0.00,0.51,0.75,0.66,0.60,0.94,0.00,0.69,0.21,,,,,,,,,,,,,,,,,,,,
58,B031,Qf6b,82,3985068,473891,11,-117.28972,36.00974,,bar,1.5,TZC1_clip2,1,5,n,0.06,1.19,0.03,1.34,0.03,0.69,0.04,0.96,0.03,1.11,0.05,1.19,,,,,1.08,0.23,0.04,0.01,1.19,1.34,0.69,0.96,1.11,1.19,0.00,0.00,1.08,0.04,,,,,,,,,,,,,,,,,,,,
62,B032,Qf6a,82,3988326,475738,11,-117.26932,36.03917,,bar,2,TZC1_clip2,1,5,n,0.13,0.96,0.12,0.81,0.16,0.81,0.18,1.07,,,0.12,0.65,,,,,0.86,0.16,0.14,0.03,0.97,0.82,0.82,1.09,0.00,0.66,0.00,0.00,0.87,0.16,,,,,,,,,,,,,,,,,,,,
59,B033,Qf6a,84,3985073,473915,11,-117.28945,36.00979,,bar,3,TZC1_clip2,1,5,n,,,0.11,1.07,0.18,0.69,0.11,0.84,0.11,0.77,0.09,1.11,,,,,0.90,0.19,0.12,0.03,0.00,1.08,0.71,0.85,0.78,1.12,0.00,0.00,0.91,0.13,,,,,,,,,,,,,,,,,,,,
35,B034,Qf6a,,3985187,474019,11,-117.28831,36.01082,,bar,2.5,TZC1_clip2,1,5,n,0.21,0.46,0.20,0.96,,,0.15,1.27,0.11,1.23,0.31,1.27,,,,,1.04,0.35,0.19,0.08,0.51,0.98,0.00,1.28,1.23,1.31,0.00,0.00,1.06,0.19,,,,,,,,,,,,,,,,,,,,
64,B035,Qf6a,,3988084,475713,11,-117.26960,36.03698,,bar,2.5,TZC1_clip2,1,5,n,0.17,1.23,,,,,0.18,1.00,,,0.15,1.27,0.13,1.04,0.23,1.07,1.12,0.12,0.17,0.04,1.24,0.00,0.00,1.01,0.00,1.28,1.04,1.10,1.13,0.15,,,,,,,,,,,,,,,,,,,,
63,B036,Qf6a,,3988064,475591,11,-117.27095,36.03680,,bar,2,TZC1_clip2,1,5,n,0.24,0.96,,,0.30,0.77,0.21,1.31,,,0.19,0.73,0.15,0.92,,,0.94,0.23,0.22,0.06,0.99,0.00,0.82,1.32,0.00,0.75,0.93,0.00,0.96,0.23,,,,,,,,,,,,,,,,,,,,
57,B037,Qf6a,81,3986693,475638,11,-117.27039,36.02444,,bar,3,TZC1_clip2,1,5,y,,,0.13,0.38,0.14,0.35,0.12,0.35,0.18,0.38,0.18,0.38,,,,,0.37,0.02,0.15,0.03,0.00,0.40,0.37,0.37,0.43,0.42,0.00,0.00,0.40,0.41,,,,,,,,,,,,,,,,,,,,
36,B038,Qf6a,,3985181,474017,11,-117.28833,36.01076,,bar,2,TZC1_clip2,2,5,n,0.25,1.15,,,0.07,0.81,0.11,0.73,0.24,0.77,0.25,0.88,0.24,0.92,0.21,1.07,0.90,0.16,0.19,0.08,1.18,0.00,0.81,0.74,0.80,0.92,0.95,1.09,0.93,0.22,,,,,,,,,,,,,,,,,,,,
55,B039,Qf6a,80,3985100,473888,11,-117.28976,36.01003,,bar,2,TZC1_clip2,1,5,n,0.25,0.65,0.21,0.69,,,0.21,0.69,0.22,0.69,0.27,0.73,0.23,0.73,,,0.70,0.03,0.23,0.02,0.70,0.72,0.00,0.72,0.73,0.78,0.77,0.00,0.74,0.33,,,,,,,,,,,,,,,,,,,,
43,B040,Qf6a,,3985170,474046,11,-117.28800,36.01066,,bar,2,TZC1_clip2,2,4,n,0.05,0.96,0.10,0.81,0.06,1.00,0.10,0.88,0.06,0.92,,,,,,,0.91,0.07,0.07,0.02,0.96,0.81,1.00,0.89,0.92,0.00,0.00,0.00,0.92,0.08,,,,,,,,,,,,,,,,,,,,
61,B041,Qf6a,81,3988326,475713,11,-117.26961,36.03917,,bar,2,TZC1_clip2,5,10,n,,,0.13,0.84,0.18,1.19,0.19,1.50,0.28,1.23,0.00,1.42,,,,,1.24,0.25,0.16,0.10,0.00,0.86,1.20,1.51,1.26,1.42,0.00,0.00,1.25,0.13,,,,,,,,,,,,,,,,,,,,
56,B042,Qf6a,83,3985088,473911,11,-117.28951,36.00992,,bar,3,TZC1_clip2,1,5,n,0.15,0.77,0.22,0.46,0.16,0.73,0.19,1.00,0.21,1.00,,,,,,,0.79,0.22,0.19,0.03,0.78,0.51,0.75,1.02,1.02,0.00,0.00,0.00,0.82,0.24,,,,,,,,,,,,,,,,,,,,
54,B043,Qf6a,79,3985127,474037,11,-117.28810,36.01028,,bar,2,TZC1_clip2,1,5,n,0.69,0.38,0.39,0.38,0.34,0.42,0.54,0.38,0.45,0.38,,,,,,,0.39,0.02,0.48,0.14,0.79,0.55,0.54,0.66,0.59,0.00,0.00,0.00,0.63,1.24,,,,,,,,,,,,,,,,,,,,
53,B044,Qf6a,78.2,3984985,473895,11,-117.28968,36.00900,,bar,2,TZC1_clip2,1,5,n,0.04,0.58,0.23,0.50,0.22,0.38,0.24,0.77,0.25,0.81,0.21,0.38,,,,,0.57,0.18,0.20,0.08,0.58,0.55,0.44,0.80,0.84,0.44,0.00,0.00,0.61,0.35,,,,,,,,,,,,,,,,,,,,
30,B045,Qf6a,,3985194,474067,11,-117.28778,36.01088,,bar,2,TZC1_clip2,5,10,n,0.30,1.50,0.35,1.31,0.51,1.50,0.55,1.34,0.32,1.27,,,,,,,1.38,0.11,0.41,0.12,1.53,1.36,1.59,1.45,1.31,0.00,0.00,0.00,1.45,0.29,,,,,,,,,,,,,,,,,,,,
52,B046,Qf6a,78,3985128,474023,11,-117.28826,36.01029,,bar,1.5,TZC1_clip2,1,5,n,0.07,0.69,0.02,0.46,0.02,0.61,0.04,0.54,0.05,0.38,0.04,0.58,,,,,0.54,0.11,0.04,0.02,0.69,0.46,0.61,0.54,0.39,0.58,0.00,0.00,0.55,0.08,,,,,,,,,,,,,,,,,,,,
60,B047,Qf6a,85,3985074,473986,11,-117.28867,36.00980,,bar,3,TZC1_clip2,1,5,n,0.08,0.81,0.03,1.19,0.09,1.34,0.05,1.38,0.07,1.19,,,,,,,1.18,0.23,0.07,0.02,0.81,1.19,1.35,1.38,1.19,0.00,0.00,0.00,1.18,0.06,,,,,,,,,,,,,,,,,,,,
31,B048,Qf6a,,3985193,473997,11,-117.28855,36.01087,,bar,1,TZC1_clip2,1,3,n,0.01,0.27,0.00,0.38,0.00,0.35,0.02,0.23,0.03,0.15,0.00,0.31,,,,,0.28,0.08,0.01,0.01,0.27,0.38,0.35,0.23,0.16,0.31,0.00,0.00,0.28,0.04,,,,,,,,,,,,,,,,,,,,
42,B049,Qf6a,,3985172,474037,11,-117.28811,36.01069,,drainage,3,TZC1_clip4,1,10,n,0.17,1.07,0.35,0.69,0.36,0.88,0.23,0.81,0.42,0.58,,,,,,,0.81,0.19,0.31,0.10,1.09,0.78,0.95,0.84,0.71,0.00,0.00,0.00,0.87,0.38,,,,,,,,,,,,,,,,,,,,
69,B050,Qf6a,,3985468,474858,11,-117.27900,36.01337,,bar,3,TZC1_clip4,1,5,y,0.41,1.27,0.41,0.96,0.40,0.77,0.37,1.07,0.39,0.84,,,,,,,0.98,0.20,0.39,0.02,1.33,1.04,0.87,1.14,0.93,0.00,0.00,0.00,1.06,0.40,,,,,,,,,,,,,,,,,,,,
65,B051,Qf6a,,3988079,475734,11,-117.26936,36.03694,,bar,2,TZC1_clip2,5,10,n,0.07,1.31,0.31,1.11,0.13,0.77,0.51,0.61,0.41,0.61,,,,,,,0.88,0.31,0.28,0.19,1.31,1.15,0.78,0.80,0.74,0.00,0.00,0.00,0.96,0.32,,,,,,,,,,,,,,,,,,,,
66,B052,Qf6a,,3985641,474916,11,-117.27837,36.01494,,bar,3,TZC1_clip2,1,5,n,0.11,0.46,0.06,0.31,0.24,0.50,0.17,0.46,0.19,0.31,,,,,,,0.41,0.09,0.15,0.07,0.47,0.31,0.55,0.49,0.36,0.00,0.00,0.00,0.44,0.38,,,,,,,,,,,,,,,,,,,,
34,B053,Qf6a,,3985190,474013,11,-117.28838,36.01085,,drainage,2.5,TZC1_clip3,5,10,n,0.23,0.81,0.23,1.31,0.16,1.19,0.14,1.00,0.15,1.65,,,,,,,1.19,0.32,0.18,0.04,0.84,1.32,1.20,1.01,1.66,0.00,0.00,0.00,1.21,0.15,,,,,,,,,,,,,,,,,,,,
70,B054,Qf6a,89,3985487,474890,11,-117.27865,36.01355,,bar,3,TZC1_clip4,1,3,y,0.14,0.50,0.17,0.58,0.16,0.42,0.17,0.50,0.16,0.42,,,,,,,0.48,0.06,0.16,0.01,0.52,0.60,0.45,0.53,0.45,0.00,0.00,0.00,0.51,0.33,,,,,,,,,,,,,,,,,,,,
71,B055,Qf6a,,3985469,474883,11,-117.27873,36.01339,,bar and swale,2,TZC1_clip4,5,10,y,0.70,1.00,0.55,0.77,0.69,0.73,0.66,1.23,0.54,0.81,0.63,0.92,,,,,0.91,0.19,0.63,0.07,1.22,0.94,1.00,1.39,0.97,1.12,0.00,0.00,1.11,0.69,,,,,,,,,,,,,,,,,,,,
72,B056,Qf6a,,3985482,474926,11,-117.27825,36.01351,,bar,2,TZC1_clip4,5,10,y,0.64,0.38,0.59,0.42,0.48,0.65,0.54,0.35,0.43,0.46,,,,,,,0.45,0.12,0.53,0.09,0.75,0.72,0.81,0.64,0.63,0.00,0.00,0.00,0.71,1.18,,,,,,,,,,,,,,,,,,,,
175,B057,Qf8,,3986477,475594,11,-117.27087,36.02249,,bar,2,TZC1_clip4,1,5,n,0.00,0.92,0.01,0.73,0.00,0.88,0.02,0.54,0.02,0.50,,,,,,,0.71,0.19,0.01,0.01,0.92,0.73,0.88,0.54,0.50,0.00,0.00,0.00,0.71,0.01,,,,,,,,,,,,,,,,,,,,
73,B058,Qf6b,125,3985475,474963,11,-117.27785,36.01344,,bar,2,TZC1_clip4,1,5,n,0.10,0.69,0.05,0.61,0.07,0.77,0.00,0.96,0.07,0.73,,,,,,,0.75,0.13,0.06,0.04,0.70,0.62,0.77,0.96,0.73,0.00,0.00,0.00,0.76,0.08,,,,,,,,,,,,,,,,,,,,
168,B059,Qf6a,64,3986647,475885,11,-117.26765,36.02403,y,bar,1.5,RT5clip_b,1,5,n,0.09,0.93,0.07,1.00,0.04,0.81,0.02,1.08,0.03,1.04,,,,,,,0.97,0.11,0.05,0.03,0.93,1.01,0.81,1.08,1.04,0.00,0.00,0.00,0.97,0.05,,,,,,,,,,,,,,,,,,,,
167,B060,Qf6a,63,3986637,475874,11,-117.26777,36.02394,y,bar,3,RT5clip_b,1,5,n,0.02,0.47,,,0.01,0.50,,,,,0.01,0.65,0.02,0.50,0.01,0.73,0.57,0.11,0.02,0.01,0.47,0.00,0.50,0.00,0.00,0.65,0.50,0.73,0.57,0.03,,,,,,,,,,,,,,,,,,,,
169,B061,Qf6a,,3986655,475898,11,-117.26751,36.02410,,bar,2,RT5clip_a,1,5,y,0.06,0.77,0.04,0.70,0.04,0.85,0.04,0.89,0.04,0.70,,,,,,,0.78,0.09,0.04,0.01,0.77,0.70,0.85,0.89,0.70,0.00,0.00,0.00,0.78,0.05,,,,,,,,,,,,,,,,,,,,
166,B062,Qf6a,,3986648,475875,11,-117.26775,36.02404,,bar,2.5,RT5clip_a,1,5,n,0.05,1.62,0.07,1.31,0.05,1.23,0.02,1.46,0.05,1.15,,,,,,,1.35,0.19,0.05,0.02,1.62,1.31,1.23,1.46,1.15,0.00,0.00,0.00,1.35,0.03,,,,,,,,,,,,,,,,,,,,
165,B063,Qf6a,,3986667,475894,11,-117.26754,36.02421,,bar,1,RT5clip_a,1,5,n,0.13,1.00,0.14,0.96,0.13,1.15,0.11,0.92,0.12,1.04,,,,,,,1.01,0.09,0.13,0.01,1.01,0.97,1.16,0.93,1.04,0.00,0.00,0.00,1.02,0.13,,,,,,,,,,,,,,,,,,,,
11,B064,Qf4,,3987437,474839,11,-117.27928,36.03113,,bar,2,TZC2_1_clip1,3,6,n,0.08,1.01,,,0.12,1.17,,,0.04,1.33,0.11,1.01,0.16,1.04,0.15,1.04,1.10,0.13,0.11,0.04,1.01,0.00,1.18,0.00,1.33,1.02,1.05,1.05,1.11,0.10,,,,,,,,,,,,,,,,,,,,
98,B065,Qf6a,,3985185,474811,11,-117.27952,36.01082,,bar,2,2_1_clip_a,5,10,n,0.24,1.70,0.28,1.75,0.40,2.18,0.33,1.96,0.23,1.80,,,,,,,1.88,0.19,0.30,0.07,1.71,1.77,2.21,1.99,1.82,0.00,0.00,0.00,1.90,0.16,,,,,,,,,,,,,,,,,,,,
96,B066,Qf6a,,3985326,474929,11,-117.27822,36.01210,,bar,3,2_1_clip_a,1,5,n,0.25,0.53,0.31,0.80,0.35,0.74,0.33,1.27,0.37,1.01,0.35,1.06,,,,,0.90,0.26,0.33,0.04,0.59,0.85,0.82,1.31,1.07,1.12,0.00,0.00,0.96,0.36,,,,,,,,,,,,,,,,,,,,
89,B067,Qf6a,,3985291,474851,11,-117.27908,36.01178,,bar,2,2_1_clip_a,1,5,n,0.08,1.27,0.08,1.75,0.09,0.90,0.06,1.27,0.11,1.06,0.06,1.49,,,,,1.29,0.30,0.08,0.02,1.28,1.75,0.91,1.27,1.07,1.49,0.00,0.00,1.29,0.06,,,,,,,,,,,,,,,,,,,,
91,B068,Qf6a,,3985252,474858,11,-117.27900,36.01143,,bar,3,2_1_clip_a,4,10,y,0.01,1.86,0.04,1.38,0.05,1.65,0.08,1.43,0.06,1.33,0.02,1.06,,,,,1.45,0.27,0.04,0.03,1.86,1.38,1.65,1.44,1.33,1.06,0.00,0.00,1.45,0.03,,,,,,,,,,,,,,,,,,,,
90,B069,Qf6a,,3985300,474861,11,-117.27897,36.01186,,bar,3,2_1_clip_a,2,8,n,0.03,0.80,0.03,0.69,0.06,1.17,0.01,1.01,0.05,0.69,0.03,0.64,,,,,0.83,0.21,0.04,0.02,0.80,0.69,1.17,1.01,0.69,0.64,0.00,0.00,0.83,0.04,,,,,,,,,,,,,,,,,,,,
94,B070,Qf6a,,3985271,474892,11,-117.27862,36.01160,,bar,1,2_1_clip_a,1,5,n,0.05,0.80,0.06,1.11,0.05,1.01,0.06,0.74,0.08,1.01,,,,,,,0.93,0.16,0.06,0.01,0.80,1.12,1.01,0.74,1.01,0.00,0.00,0.00,0.94,0.06,,,,,,,,,,,,,,,,,,,,
95,B071,Qf7,,3985340,474934,11,-117.27816,36.01222,,bar,2,2_1_clip_a,5,10,n,0.02,1.17,0.13,1.22,0.07,1.49,0.00,1.17,0.04,1.49,,,,,,,1.31,0.17,0.05,0.05,1.17,1.23,1.49,1.17,1.49,0.00,0.00,0.00,1.31,0.04,,,,,,,,,,,,,,,,,,,,
87,B072,Qf7,,3985261,474833,11,-117.27928,36.01151,,bar,2,2_1_clip_a,1,5,y,0.01,0.74,0.03,0.79,0.00,0.64,,,0.02,0.53,0.07,0.85,,,,,0.71,0.13,0.02,0.03,0.74,0.79,0.64,0.00,0.53,0.85,0.00,0.00,0.71,0.03,,,,,,,,,,,,,,,,,,,,
85,B073,Qf6a,,3985287,474816,11,-117.27946,36.01174,,bar,3,2_1_clip_a,3,10,y,0.00,1.17,0.06,1.22,0.03,1.27,0.06,0.90,0.03,1.17,,,,,,,1.15,0.14,0.03,0.02,1.17,1.22,1.27,0.90,1.17,0.00,0.00,0.00,1.15,0.03,,,,,,,,,,,,,,,,,,,,
86,B074,Qf6a,,3985268,474833,11,-117.27928,36.01157,,bar,3,2_1_clip_a,1,5,n,0.16,1.11,0.11,0.64,0.15,0.69,0.07,0.85,0.12,1.01,,,,,,,0.86,0.20,0.12,0.03,1.13,0.65,0.71,0.85,1.02,0.00,0.00,0.00,0.87,0.14,,,,,,,,,,,,,,,,,,,,
88,B075,Qf6a,,3985287,474843,11,-117.27916,36.01174,,bar,1,2_1_clip_a,1,5,y,0.32,0.74,0.36,0.58,0.40,0.80,0.37,0.74,0.35,0.53,,,,,,,0.68,0.12,0.36,0.03,0.81,0.69,0.89,0.83,0.64,0.00,0.00,0.00,0.77,0.53,,,,,,,,,,,,,,,,,,,,
92,B076,Qf7,,3985312,474885,11,-117.27870,36.01197,,bar,3,2_1_clip_a,1,5,y,0.06,1.49,0.06,1.38,0.06,1.43,0.09,1.43,0.07,1.38,,,,,,,1.42,0.05,0.07,0.01,1.49,1.38,1.43,1.44,1.38,0.00,0.00,0.00,1.42,0.05,,,,,,,,,,,,,,,,,,,,
93,B077,Qf7,,3985301,474888,11,-117.27867,36.01187,,bar,3,2_1_clip_a,1,5,n,0.08,0.90,0.09,0.53,0.09,0.64,0.09,0.74,0.09,0.48,,,,,,,0.66,0.17,0.09,0.01,0.91,0.54,0.64,0.75,0.49,0.00,0.00,0.00,0.66,0.13,,,,,,,,,,,,,,,,,,,,
97,B078,Qf7,,3985251,474661,11,-117.28119,36.01141,,bar,1,2_1_clip_a,1,5,n,0.03,0.53,0.03,0.74,0.05,0.96,0.01,0.85,0.02,0.74,0.03,0.69,,,,,0.75,0.14,0.03,0.01,0.53,0.74,0.96,0.85,0.74,0.69,0.00,0.00,0.75,0.04,,,,,,,,,,,,,,,,,,,,
10,B079,Qf6a,,3987415,474805,11,-117.27965,36.03092,,6a and 7 contact,2,2_3_clip_a,5,8,y,0.06,1.80,0.17,1.86,0.06,2.30,0.05,2.20,0.23,1.50,0.07,1.80,,,,,1.91,0.30,0.11,0.07,1.80,1.87,2.30,2.20,1.51,1.80,0.00,0.00,1.91,0.06,,,,,,,,,,,,,,,,,,,,
8,B080,Qia,,3987479,474800,11,-117.27972,36.03150,,drainage,1,TZC2_1_clip2,5,10,n,0.15,0.90,0.25,0.96,,,0.09,1.27,0.03,1.01,0.08,0.85,,,,,1.00,0.16,0.12,0.08,0.91,0.99,0.00,1.27,1.01,0.85,0.00,0.00,1.01,0.12,,,,,,,,,,,,,,,,,,,,
2,B081,Qia,,3987815,475198,11,-117.27531,36.03454,,drainage,1,2_3_clip_a,5,10,n,0.89,2.30,0.68,2.81,0.80,2.96,0.75,2.87,0.75,2.17,,,,,,,2.62,0.36,0.78,0.08,2.47,2.89,3.07,2.97,2.29,0.00,0.00,0.00,2.74,0.30,,,,,,,,,,,,,,,,,,,,
9,B082,Qia,,3987491,474883,11,-117.27880,36.03162,,fan and drainage,1,TZC2_2_clip1,3,7,n,,,0.32,2.42,0.27,2.10,,,,,0.40,2.21,0.21,2.26,0.20,2.05,2.21,0.14,0.28,0.08,0.00,2.44,2.12,0.00,0.00,2.25,2.27,2.06,2.23,0.13,,,,,,,,,,,,,,,,,,,,
79,B083,Qf6b,,3985453,474942,11,-117.27807,36.01325,,bar,2,2_2_clip_a,1,5,n,0.03,0.91,0.05,1.47,0.05,1.26,0.03,1.42,0.04,1.31,,,,,,,1.27,0.22,0.04,0.01,0.91,1.47,1.27,1.42,1.31,0.00,0.00,0.00,1.28,0.03,,,,,,,,,,,,,,,,,,,,
4,B084,Qf6b,,3987652,474886,11,-117.27877,36.03307,,bar,2,TZC2_2_clip2,1,5,y,,,0.03,1.21,0.06,1.26,,,,,0.04,1.32,0.03,1.32,0.07,1.53,1.33,0.12,0.05,0.02,0.00,1.21,1.26,0.00,0.00,1.32,1.32,1.53,1.33,0.03,,,,,,,,,,,,,,,,,,,,
3,B085,Qf6b,,3987787,475184,11,-117.27546,36.03429,,bar,1.5,TZC2_2_clip2,1,5,n,,,0.04,0.95,0.03,1.21,0.04,0.95,0.07,0.74,,,0.04,0.69,0.07,0.90,0.90,0.19,0.05,0.02,0.00,0.95,1.21,0.95,0.74,0.00,0.69,0.90,0.90,0.05,,,,,,,,,,,,,,,,,,,,
80,B086,Qf6b,,3985454,474971,11,-117.27775,36.01325,,bar,2,2_2_clip_a,1,5,n,0.06,0.79,0.05,0.74,0.05,0.89,0.06,0.74,0.06,0.58,,,,,,,0.75,0.11,0.06,0.01,0.79,0.74,0.89,0.74,0.58,0.00,0.00,0.00,0.75,0.07,,,,,,,,,,,,,,,,,,,,
81,B087,Qf6b,,3985392,474710,11,-117.28064,36.01268,,bar,1,2_2_clip_a,1,5,n,0.08,0.95,0.08,1.00,0.04,1.10,0.06,0.89,0.10,0.95,0.12,1.11,,,,,1.00,0.09,0.08,0.03,0.95,1.00,1.10,0.89,0.95,1.11,0.00,0.00,1.00,0.08,,,,,,,,,,,,,,,,,,,,
99,B088,Qf6b,,3985174,474811,11,-117.27952,36.01073,,bar,2,2_2_clip_a,1,5,y,0.04,1.26,0.04,1.10,0.01,0.79,0.03,1.31,0.01,0.89,,,,,,,1.07,0.23,0.02,0.02,1.26,1.10,0.79,1.31,0.89,0.00,0.00,0.00,1.07,0.02,,,,,,,,,,,,,,,,,,,,
82,B089,Qf6b,,3985397,474830,11,-117.27932,36.01273,,bar,3,2_2_clip_a,1,5,n,0.08,1.37,0.09,1.52,0.05,1.58,0.09,1.47,0.07,1.58,,,,,,,1.50,0.09,0.08,0.02,1.37,1.53,1.58,1.47,1.58,0.00,0.00,0.00,1.50,0.05,,,,,,,,,,,,,,,,,,,,
44,B090,Qf6b,,3985180,474051,11,-117.28795,36.01076,,bar,1,2_2_clip_a,1,5,n,0.05,1.58,0.05,2.05,0.04,1.84,0.04,1.79,0.06,1.73,,,,,,,1.80,0.17,0.05,0.01,1.58,2.05,1.84,1.79,1.73,0.00,0.00,0.00,1.80,0.03,,,,,,,,,,,,,,,,,,,,
7,B091,Qf6b,,3987663,474998,11,-117.27752,36.03317,,fan,2.5,TZC2_1_clip2,1,5,y,0.05,1.11,0.06,0.64,0.02,1.01,0.03,0.96,0.06,0.58,,,,,,,0.86,0.23,0.04,0.02,1.11,0.64,1.01,0.96,0.59,0.00,0.00,0.00,0.86,0.05,,,,,,,,,,,,,,,,,,,,
84,B092,Qf6b,,3985313,474777,11,-117.27990,36.01198,,bar,2,2_2_clip_a,1,5,n,0.03,1.47,0.07,1.79,0.15,1.58,0.16,1.84,0.19,1.21,,,,,,,1.58,0.25,0.12,0.07,1.47,1.79,1.58,1.85,1.22,0.00,0.00,0.00,1.58,0.08,,,,,,,,,,,,,,,,,,,,
83,B093,Qf6b,,3985357,474788,11,-117.27978,36.01238,,bar and swale,3,2_2_clip_a,1,5,n,0.00,1.73,0.03,1.58,0.00,1.79,0.02,1.58,0.06,1.21,,,,,,,1.58,0.23,0.02,0.03,1.73,1.58,1.79,1.58,1.21,0.00,0.00,0.00,1.58,0.01,,,,,,,,,,,,,,,,,,,,
1,B094,Qf6b,,3987820,474994,11,-117.27757,36.03459,,fan,3,TZC2_1_clip2,1,5,n,,,,,,,0.06,0.53,0.074,0.478,0.0468,0.637,0.04,0.42,0.043,0.478,0.51,0.08,0.05,0.01,0.00,0.00,0.00,0.53,0.48,0.64,0.42,0.48,0.51,0.10,,,,,,,,,,,,,,,,,,,,
76,B095,Qf6a,,3985434,474885,11,-117.27870,36.01307,y,bar,1.5,2_3_clip_a,1,5,n,0.07,0.20,0.08,0.25,0.11,0.50,0.09,0.35,0.06,0.25,,,,,,,0.31,0.12,0.08,0.02,0.21,0.26,0.52,0.36,0.26,0.00,0.00,0.00,0.32,0.26,,,,,,,,,,,,,,,,,,,,
5,B096,Qia,,3987658,474891,11,-117.27871,36.03312,,drainage,1,TZC2_2_clip2,5,10,n,0.32,1.16,0.26,0.95,0.20,0.95,0.51,1.21,0.26,1.00,,,,,,,1.05,0.12,0.31,0.12,1.20,0.98,0.97,1.31,1.03,0.00,0.00,0.00,1.10,0.29,,,,,,,,,,,,,,,,,,,,
6,B097,Qia,,3987653,474966,11,-117.27788,36.03308,,drainage,2,TZC2_2_clip2,3,10,n,0.14,0.95,,,,,0.26,1.05,,,0.15,1.21,0.25,1.16,0.33,1.21,1.11,0.11,0.22,0.08,0.96,0.00,0.00,1.08,0.00,1.22,1.18,1.25,1.14,0.20,,,,,,,,,,,,,,,,,,,,
77,B098,Qf7,,3985438,474898,11,-117.27857,36.01310,,bar,2.5,2_5_clip_a,1,5,y,0.04,0.44,0.11,0.63,0.15,0.53,0.19,0.58,0.16,0.68,,,,,,,0.57,0.09,0.13,0.06,0.44,0.64,0.55,0.61,0.70,0.00,0.00,0.00,0.59,0.23,,,,,,,,,,,,,,,,,,,,
78,B099,Qf7,,3985442,474921,11,-117.27831,36.01314,,swale,2.5,2_5_clip_a,1,5,y,0.13,0.24,0.19,0.29,0.12,0.39,0.10,0.19,0.13,0.44,,,,,,,0.31,0.10,0.13,0.03,0.27,0.35,0.41,0.22,0.46,0.00,0.00,0.00,0.34,0.42,,,,,,,,,,,,,,,,,,,,
174,B100,Qf7,,3986469,475561,11,-117.27124,36.02242,,bar,1,RT3_4clip_a,1,5,y,0.05,1.28,,,0.05,1.54,0.04,1.32,0.04,1.24,0.05,1.19,,,,,1.31,0.14,0.04,0.01,1.28,0.00,1.55,1.32,1.24,1.19,0.00,0.00,1.32,0.03,,,,,,,,,,,,,,,,,,,,
164,B101,Qf7,,3986669,475869,11,-117.26783,36.02423,,bar and swale,2,RT3_4clip_a,1,5,n,0.02,1.50,0.02,1.81,0.02,1.63,0.03,1.19,0.03,1.37,,,,,,,1.50,0.24,0.02,0.01,1.50,1.81,1.63,1.19,1.37,0.00,0.00,0.00,1.50,0.02,,,,,,,,,,,,,,,,,,,,
162,B102,Qf7,,3986688,475924,11,-117.26722,36.02440,,bar,2,RT3_4clip_a,1,5,n,0.04,1.37,0.01,1.01,0.06,1.10,0.07,1.37,0.03,0.93,,,,,,,1.16,0.20,0.04,0.02,1.37,1.01,1.10,1.37,0.93,0.00,0.00,0.00,1.16,0.04,,,,,,,,,,,,,,,,,,,,
163,B103,Qf6a,,3986690,475941,11,-117.26702,36.02442,,bar,2,RT3_4clip_a,1,5,n,0.10,1.45,0.15,1.62,0.17,1.05,0.15,1.32,0.15,1.50,,,,,,,1.39,0.22,0.14,0.03,1.45,1.63,1.06,1.33,1.51,0.00,0.00,0.00,1.40,0.10,,,,,,,,,,,,,,,,,,,,
161,B104,Qf6a,,3986717,475927,11,-117.26718,36.02467,,bar,2,RT3_4clip_a,1,5,n,,,0.07,1.29,,,0.05,1.36,0.12,1.05,0.08,1.23,0.03,0.88,0.00,1.15,1.16,0.17,0.06,0.04,0.00,1.30,0.00,1.36,1.06,1.23,0.88,1.15,1.16,0.05,,,,,,,,,,,,,,,,,,,,
158,B105,Qf6b,,3986729,475904,11,-117.26744,36.02477,,bar,2,RT1_2clip_b,1,5,n,,,0.02,1.23,0.04,1.08,0.03,1.36,0.03,1.29,,,0.04,1.34,0.03,1.11,1.23,0.12,0.03,0.01,0.00,1.23,1.08,1.37,1.29,0.00,1.34,1.12,1.24,0.03,,,,,,,,,,,,,,,,,,,,
157,B106,Qf6b,,3986730,475895,11,-117.26754,36.02478,,bar,2,RT1_2clip_b,1,5,y,0.05,1.29,0.02,1.25,0.05,1.51,0.06,1.59,0.02,1.33,,,,,,,1.39,0.15,0.04,0.02,1.29,1.25,1.51,1.59,1.33,0.00,0.00,0.00,1.39,0.03,,,,,,,,,,,,,,,,,,,,
160,B107,Qf6b,,3986732,475927,11,-117.26718,36.02480,,bar,3,RT1_2clip_b,1,5,n,0.04,0.41,0.04,0.59,0.04,0.55,0.02,0.52,0.03,0.48,,,,,,,0.51,0.07,0.03,0.01,0.41,0.59,0.55,0.52,0.48,0.00,0.00,0.00,0.51,0.06,,,,,,,,,,,,,,,,,,,,
173,B108,Qf6b,,3986496,475612,11,-117.27067,36.02266,,bar,3,RT1_2clip_b,1,5,y,0.05,0.55,0.07,0.74,0.02,1.00,0.05,0.89,0.06,0.81,,,,,,,0.80,0.17,0.05,0.02,0.56,0.74,1.00,0.89,0.81,0.00,0.00,0.00,0.80,0.06,,,,,,,,,,,,,,,,,,,,
159,B109,Qf6b,,3986728,475909,11,-117.26738,36.02476,,bar,2.5,RT1_2clip_b,1,5,y,0.01,0.59,0.04,0.85,0.00,0.55,0.04,0.74,0.02,0.63,,,,,,,0.67,0.12,0.02,0.02,0.59,0.85,0.55,0.74,0.63,0.00,0.00,0.00,0.67,0.03,,,,,,,,,,,,,,,,,,,,
156,B110,Qf6b,,3986727,475883,11,-117.26767,36.02476,,bar,2,RT1_2clip_b,1,5,n,0.13,2.07,0.11,1.75,0.12,1.86,0.12,1.73,0.10,1.81,,,,,,,1.84,0.13,0.12,0.01,2.07,1.75,1.86,1.74,1.81,0.00,0.00,0.00,1.85,0.06,,,,,,,,,,,,,,,,,,,,
171,B111,Qf6b,,3986511,475556,11,-117.27129,36.02279,,bar,2,RT1_2clip_b,1,5,y,0.18,1.96,0.01,2.18,0.00,2.03,0.01,2.43,0.00,2.52,,,,,,,2.22,0.25,0.04,0.08,1.96,2.18,2.03,2.43,2.52,0.00,0.00,0.00,2.22,0.02,,,,,,,,,,,,,,,,,,,,
153,B112,Qf6a,,3986639,475802,11,-117.26856,36.02396,,bar,2,RT1_2clip_a,1,5,y,0.04,1.00,0.05,1.07,0.05,0.81,0.00,1.29,0.02,1.22,,,,,,,1.08,0.19,0.03,0.02,1.00,1.07,0.81,1.29,1.22,0.00,0.00,0.00,1.08,0.03,,,,,,,,,,,,,,,,,,,,
154,B113,Qf6a,,3986633,475801,11,-117.26858,36.02391,,bar,2,RT1_2clip_a,1,5,y,0.06,0.55,0.06,0.63,0.04,0.44,0.05,0.59,0.04,0.66,,,,,,,0.58,0.08,0.05,0.01,0.56,0.63,0.44,0.59,0.67,0.00,0.00,0.00,0.58,0.09,,,,,,,,,,,,,,,,,,,,
150,B114,Qf6a,,3986674,475744,11,-117.26921,36.02427,,swale,3,RT1_2clip_a,1,5,n,0.04,1.03,0.05,1.29,0.05,1.33,0.05,1.40,0.03,0.85,,,,,,,1.18,0.23,0.04,0.01,1.03,1.29,1.33,1.40,0.85,0.00,0.00,0.00,1.18,0.04,,,,,,,,,,,,,,,,,,,,
152,B115,Qf6a,,3986669,475804,11,-117.26854,36.02423,,bar,1,RT1_2clip_a,1,5,y,0.06,1.00,0.06,1.03,0.09,0.66,0.14,0.77,0.04,1.07,,,,,,,0.91,0.18,0.08,0.04,1.00,1.03,0.67,0.79,1.07,0.00,0.00,0.00,0.91,0.09,,,,,,,,,,,,,,,,,,,,
170,B116,Qf6a,,3986648,475942,11,-117.26702,36.02404,,bar,3,RT1_2clip_a,1,4,y,0.04,0.85,0.08,0.52,0.06,0.85,0.05,0.52,0.06,0.66,0.03,0.73,0.02,0.76,0.04,0.84,0.71,0.14,0.05,0.02,0.85,0.52,0.85,0.52,0.67,0.73,0.76,0.84,0.72,0.07,,,,,,,,,,,,,,,,,,,,
151,B117,Qf6a,,3986702,475790,11,-117.26870,36.02453,,bar,1,RT1_2clip_a,1,5,y,0.12,0.89,0.04,1.00,0.10,0.85,0.05,1.18,0.10,0.92,,,,,,,0.97,0.13,0.09,0.03,0.89,1.00,0.85,1.18,0.93,0.00,0.00,0.00,0.97,0.09,,,,,,,,,,,,,,,,,,,,
149,B118,Qf6a,,3986686,475721,11,-117.26946,36.02438,,bar,1,RT1_2clip_a,1,5,n,,,0.07,1.33,0.05,1.70,0.08,1.59,,,0.07,1.40,0.07,1.55,,,1.51,0.15,0.07,0.01,0.00,1.33,1.70,1.59,0.00,1.40,1.55,0.00,1.51,0.04,,,,,,,,,,,,,,,,,,,,
155,B119,Qf6a,,3986732,475885,11,-117.26765,36.02480,,bar,2,RT1_2clip_a,1,5,n,0.06,0.96,0.15,1.33,0.10,0.85,0.10,0.74,0.09,1.22,,,,,,,1.02,0.25,0.10,0.03,0.96,1.34,0.85,0.74,1.22,0.00,0.00,0.00,1.02,0.10,,,,,,,,,,,,,,,,,,,,
145,B120,Qf6b,,3986898,476085,11,-117.26544,36.02629,,bar,2.5,3_5_clip_a,1,5,n,0.19,1.72,0.11,1.31,0.10,1.46,0.20,1.78,0.09,1.25,,,,,,,1.50,0.24,0.14,0.05,1.73,1.31,1.47,1.79,1.26,0.00,0.00,0.00,1.51,0.09,,,,,,,,,,,,,,,,,,,,
130,B121,Qf6b,,3986958,475931,11,-117.26715,36.02684,,bar,2,3_4_clip_b,2,7,n,0.05,1.89,0.03,1.44,0.02,1.62,0.05,1.26,0.04,1.62,0.01,1.44,,,,,1.54,0.22,0.03,0.02,1.89,1.44,1.62,1.26,1.62,1.44,0.00,0.00,1.54,0.02,,,,,,,,,,,,,,,,,,,,
40,B122,Qf6b,,3985177,474038,11,-117.28809,36.01073,,bar,2,3_4_clip_b,1,5,n,0.07,0.94,0.02,1.21,0.01,0.99,0.03,0.81,0.04,0.76,,,,,,,0.94,0.18,0.03,0.02,0.95,1.21,0.99,0.81,0.76,0.00,0.00,0.00,0.94,0.04,,,,,,,,,,,,,,,,,,,,
41,B123,Qf6b,,3985177,474037,11,-117.28810,36.01073,,bar,2,3_4_clip_b,1,5,y,0.10,0.99,0.10,1.08,0.08,0.90,0.13,1.30,0.07,1.26,,,,,,,1.10,0.17,0.10,0.02,0.99,1.08,0.90,1.31,1.26,0.00,0.00,0.00,1.11,0.09,,,,,,,,,,,,,,,,,,,,
134,B124,Qf6b,,3986973,476109,11,-117.26517,36.02698,,bar,2,3_2_clip_b,1,5,n,0.07,1.31,0.22,1.26,0.07,1.17,0.02,1.59,0.01,1.30,,,,,,,1.32,0.16,0.08,0.08,1.31,1.28,1.17,1.59,1.30,0.00,0.00,0.00,1.33,0.06,,,,,,,,,,,,,,,,,,,,
147,B125,Qf6b,,3986768,475777,11,-117.26885,36.02512,,bar,1.5,3_5_clip_b,1,5,n,0.10,0.94,0.09,0.99,,,,,0.06,0.63,0.00,0.78,0.04,0.73,,,0.81,0.15,0.06,0.04,0.95,1.00,0.00,0.00,0.63,0.78,0.73,0.00,0.82,0.07,,,,,,,,,,,,,,,,,,,,
135,B126,Qf6a,,3986844,475837,11,-117.26819,36.02581,,bar,2,3_5_clip_a,1,5,n,0.05,1.10,0.07,0.57,0.07,0.73,0.07,0.63,0.04,0.94,,,,,,,0.79,0.22,0.06,0.01,1.10,0.58,0.73,0.63,0.94,0.00,0.00,0.00,0.80,0.07,,,,,,,,,,,,,,,,,,,,
133,B127,Qf6b,,3986985,476057,11,-117.26575,36.02708,,bar,2,3_2_clip_b,3,7,y,0.07,1.21,0.13,1.96,0.07,1.31,0.10,1.63,0.12,1.21,,,,,,,1.47,0.33,0.10,0.02,1.22,1.96,1.31,1.64,1.22,0.00,0.00,0.00,1.47,0.07,,,,,,,,,,,,,,,,,,,,
136,B128,Qf6a,,3986825,475842,11,-117.26813,36.02564,,bar,2,3_5_clip_a,2,8,n,0.17,1.15,0.19,1.57,0.18,1.51,0.15,1.31,0.15,1.78,,,,,,,1.46,0.24,0.17,0.02,1.16,1.58,1.53,1.31,1.78,0.00,0.00,0.00,1.47,0.11,,,,,,,,,,,,,,,,,,,,
148,B129,Qf6a,,3986699,475719,11,-117.26949,36.02449,,swale,2,3_5_clip_a,1,5,n,0.18,0.63,0.03,0.57,0.04,0.73,0.05,0.68,0.05,0.73,,,,,,,0.67,0.07,0.07,0.06,0.65,0.58,0.73,0.68,0.73,0.00,0.00,0.00,0.67,0.10,,,,,,,,,,,,,,,,,,,,
138,B130,Qf6b,,3986838,475927,11,-117.26719,36.02575,,bar,3,3_5_clip_a,1,5,n,0.04,0.78,0.02,1.04,0.04,1.15,0.05,1.20,0.03,0.94,,,,,,,1.02,0.17,0.04,0.01,0.78,1.05,1.15,1.20,0.94,0.00,0.00,0.00,1.02,0.04,,,,,,,,,,,,,,,,,,,,
141,B131,Qf6a,,3986859,475954,11,-117.26688,36.02594,,bar,1,3_5_clip_a,1,5,n,,,0.13,1.57,0.15,1.67,0.07,1.57,0.14,1.62,0.07,1.67,,,,,1.62,0.05,0.11,0.04,0.00,1.57,1.68,1.57,1.63,1.67,0.00,0.00,1.62,0.07,,,,,,,,,,,,,,,,,,,,
137,B132,Qf6a,,3986832,475897,11,-117.26752,36.02570,,bar,2,3_5_clip_a,1,5,n,0.00,1.04,0.04,1.36,0.03,1.57,0.02,1.41,0.06,1.46,0.01,1.20,,,,,1.34,0.19,0.03,0.02,1.04,1.36,1.57,1.41,1.46,1.20,0.00,0.00,1.34,0.02,,,,,,,,,,,,,,,,,,,,
39,B133,Qf6b,,3985181,474037,11,-117.28811,36.01077,,bar,1,3_4_clip_b,1,5,n,0.05,2.11,0.10,2.47,0.09,1.75,0.09,1.84,0.06,1.93,,,,,,,2.02,0.28,0.08,0.02,2.11,2.47,1.75,1.84,1.93,0.00,0.00,0.00,2.02,0.04,,,,,,,,,,,,,,,,,,,,
129,B134,Qf6a,,3986915,475913,11,-117.26734,36.02645,,bar,2,3_4_clip_b,1,5,y,0.01,0.99,0.01,1.03,0.02,1.35,0.01,1.21,0.03,1.08,,,,,,,1.13,0.15,0.02,0.01,0.99,1.03,1.35,1.21,1.08,0.00,0.00,0.00,1.13,0.01,,,,,,,,,,,,,,,,,,,,
22,B135,Qf6b,,3985257,474068,11,-117.28777,36.01145,,bar,3,3_2_clip_b,1,5,n,0.03,2.29,0.16,2.33,0.09,2.80,0.12,1.96,0.01,1.87,,,,,,,2.25,0.37,0.08,0.06,2.29,2.34,2.80,1.96,1.87,0.00,0.00,0.00,2.25,0.04,,,,,,,,,,,,,,,,,,,,
146,B136,Qf6a,,3986909,476104,11,-117.26523,36.02640,,bar,1,3_5_clip_b,1,5,n,0.06,2.61,0.12,2.14,0.17,1.57,0.11,2.46,0.07,1.93,,,,,,,2.14,0.42,0.10,0.05,2.61,2.15,1.58,2.46,1.93,0.00,0.00,0.00,2.15,0.05,,,,,,,,,,,,,,,,,,,,
172,B137,Qf6a,452,3986488,475564,11,-117.27121,36.02259,,bar,3,3_2_clip_c,1,5,n,0.16,1.35,0.17,1.44,0.16,1.39,0.15,1.02,0.15,1.21,,,,,,,1.28,0.17,0.16,0.01,1.36,1.45,1.40,1.03,1.22,0.00,0.00,0.00,1.29,0.12,,,,,,,,,,,,,,,,,,,,
140,B138,Qf6a,,3986819,475923,11,-117.26723,36.02558,,bar,2,3_2_clip_c,7,13,y,0.10,2.56,0.25,2.19,0.26,2.10,0.11,1.91,0.12,2.29,,,,,,,2.21,0.24,0.17,0.08,2.56,2.20,2.12,1.92,2.29,0.00,0.00,0.00,2.22,0.08,,,,,,,,,,,,,,,,,,,,
127,B139,Qf6a,,3986893,475892,11,-117.26757,36.02625,,bar,2.5,3_2_clip_b,1,5,y,0.01,0.89,0.01,0.65,0.17,1.17,0.06,1.40,0.04,0.51,,,,,,,0.92,0.36,0.06,0.07,0.89,0.65,1.18,1.40,0.52,0.00,0.00,0.00,0.93,0.06,,,,,,,,,,,,,,,,,,,,
139,B140,Qf6a,,3986826,475924,11,-117.26722,36.02565,,bar,2,3_5_clip_b,1,5,y,,,,,0.01,0.94,,,0.04,1.10,0.01,1.10,0.02,1.20,0.03,0.94,1.06,0.11,0.02,0.01,0.00,0.00,0.94,0.00,1.10,1.10,1.20,0.94,1.06,0.02,,,,,,,,,,,,,,,,,,,,
142,B141,Qf6a,,3986891,475991,11,-117.26647,36.02624,,bar,2,3_5_clip_b,1,5,y,0.07,2.04,0.02,1.46,0.02,1.41,0.05,1.88,0.01,1.62,,,,,,,1.68,0.27,0.03,0.03,2.04,1.46,1.41,1.88,1.62,0.00,0.00,0.00,1.68,0.02,,,,,,,,,,,,,,,,,,,,
143,B142,Qf6b,,3986882,476042,11,-117.26591,36.02615,,bar and swale,2,3_2_clip_c,1,5,n,0.00,1.07,0.03,1.17,,,,,0.02,0.75,0.01,0.89,0.01,0.74,,,0.92,0.19,0.01,0.01,1.07,1.17,0.00,0.00,0.75,0.89,0.74,0.00,0.92,0.02,,,,,,,,,,,,,,,,,,,,
131,B143,Qf6a,,3986947,475931,11,-117.26714,36.02674,,bar,2.5,3_2_clip_b,1,5,y,0.05,0.81,0.06,0.85,0.03,0.70,,,0.08,0.89,0.02,0.70,,,,,0.79,0.09,0.05,0.02,0.81,0.85,0.70,0.00,0.89,0.70,0.00,0.00,0.79,0.06,,,,,,,,,,,,,,,,,,,,
144,B144,Qf6a,,3986838,476040,11,-117.26593,36.02576,,bar,3,3_5_clip_b,1,5,n,0.09,2.46,0.03,2.30,0.18,2.56,0.00,2.19,0.02,2.30,,,,,,,2.36,0.14,0.06,0.07,2.46,2.30,2.57,2.19,2.30,0.00,0.00,0.00,2.36,0.03,,,,,,,,,,,,,,,,,,,,
132,B145,Qf6a,,3986980,475974,11,-117.26667,36.02704,,bar,3,3_4_clip_a,1,5,y,0.01,0.63,0.13,0.63,0.05,0.90,0.08,0.45,0.03,0.67,,,,,,,0.66,0.16,0.06,0.05,0.63,0.64,0.90,0.46,0.67,0.00,0.00,0.00,0.66,0.09,,,,,,,,,,,,,,,,,,,,
128,B146,Qf6b,,3986946,475920,11,-117.26727,36.02673,,swale,3,3_4_clip_a,5,10,n,0.21,2.56,,,0.24,2.52,0.19,2.69,0.17,2.47,0.02,2.43,,,,,2.53,0.10,0.17,0.09,2.57,0.00,2.53,2.70,2.48,2.43,0.00,0.00,2.54,0.07,,,,,,,,,,,,,,,,,,,,
26,B147,Qf6b,,3985218,474067,11,-117.28778,36.01110,,bar,3,3_4_clip_a,10,20,n,0.05,1.84,0.18,2.07,0.28,2.11,0.13,2.29,0.18,2.16,0.09,1.71,,,,,2.03,0.22,0.15,0.08,1.84,2.07,2.13,2.29,2.16,1.71,0.00,0.00,2.04,0.07,,,,,,,,,,,,,,,,,,,,
123,B148,Qf6a,,3986914,475749,11,-117.26917,36.02643,,swale,3,3_4_clip_a,1,5,n,,,,,0.03,1.35,0.02,1.17,0.02,1.21,0.05,1.21,0.04,1.12,0.05,1.12,1.20,0.08,0.04,0.01,0.00,0.00,1.35,1.17,1.21,1.21,1.12,1.12,1.20,0.03,,,,,,,,,,,,,,,,,,,,
38,B149,Qf6a,,3985171,474028,11,-117.28820,36.01068,,bar,2,3_4_clip_a,1,10,n,0.11,1.26,0.13,1.12,0.11,0.90,0.14,1.08,0.10,0.99,0.15,1.03,,,,,1.06,0.12,0.12,0.02,1.26,1.13,0.91,1.09,0.99,1.04,0.00,0.00,1.07,0.12,,,,,,,,,,,,,,,,,,,,
117,B150,Qf6b,,3987283,476012,11,-117.26626,36.02977,,bar,3,3_4_clip_a,1,5,n,0.08,2.11,0.14,2.00,0.13,1.71,0.16,2.07,0.08,1.98,,,,,,,1.97,0.16,0.12,0.03,2.11,2.01,1.71,2.07,1.98,0.00,0.00,0.00,1.98,0.06,,,,,,,,,,,,,,,,,,,,
20,B151,Qf6a,,3985313,474137,11,-117.28700,36.01196,,bar and swale,2,TZC3_1_clip1,1,5,n,0.161,0.87,0.107,1.04,0.079,0.87,0.106,0.739,0.104,1.09,,,,,,,0.92,0.14,0.11,0.03,0.88,1.05,0.87,0.75,1.09,0.00,0.00,0.00,0.93,0.12,,,,,,,,,,,,,,,,,,,,
45,B152,Qf6a,,3986741,475725,11,-117.26943,36.02488,,bar and swale,2,TZC3_1_clip1,2,5,n,0.06,0.87,0.12,1.39,0.14,1.13,0.11,1.22,0.09,1.39,,,,,,,1.20,0.22,0.10,0.03,0.87,1.40,1.14,1.22,1.39,0.00,0.00,0.00,1.20,0.09,,,,,,,,,,,,,,,,,,,,
122,B153,Qf6a,,3987091,476009,11,-117.26629,36.02803,,bar,3,3_2_clip_a,1,5,n,0.07,0.75,0.07,0.84,0.07,1.12,0.06,1.03,0.07,1.07,,,,,,,0.96,0.16,0.07,0.01,0.75,0.84,1.12,1.03,1.08,0.00,0.00,0.00,0.96,0.07,,,,,,,,,,,,,,,,,,,,
121,B154,Qf6a,,3987277,476122,11,-117.26503,36.02972,,bar,2,3_2_clip_a,1,5,n,0.05,0.33,0.06,0.42,0.04,0.47,0.04,0.28,0.04,0.28,,,,,,,0.35,0.08,0.05,0.01,0.33,0.42,0.47,0.28,0.28,0.00,0.00,0.00,0.36,0.13,,,,,,,,,,,,,,,,,,,,
15,B155,Qf6a,,3987464,474920,11,-117.27838,36.03138,,bar,2,3_2_clip_a,1,5,n,0.06,0.70,0.03,0.98,0.01,0.84,0.01,0.70,0.03,0.61,,,,,,,0.77,0.15,0.03,0.02,0.70,0.98,0.84,0.70,0.61,0.00,0.00,0.00,0.77,0.04,,,,,,,,,,,,,,,,,,,,
16,B156,Qf6a,,3987451,474917,11,-117.27841,36.03126,,bar,2,3_2_clip_a,1,5,y,0.05,0.93,0.14,0.56,0.08,0.84,0.15,0.42,0.14,0.61,,,,,,,0.67,0.21,0.11,0.04,0.93,0.58,0.84,0.45,0.62,0.00,0.00,0.00,0.68,0.16,,,,,,,,,,,,,,,,,,,,
17,B157,Qf6a,,3987475,474973,11,-117.27780,36.03148,,bar,3,3_2_clip_a,1,5,n,0.04,0.70,0.02,0.47,0.02,0.79,0.04,0.89,0.01,0.75,,,,,,,0.72,0.16,0.02,0.01,0.70,0.47,0.79,0.89,0.75,0.00,0.00,0.00,0.72,0.03,,,,,,,,,,,,,,,,,,,,
13,B158,Qf6a,,3987421,474891,11,-117.27870,36.03098,,bar,2,3_2_clip_a,1,3,n,0.05,1.03,0.02,0.89,0.03,0.75,0.02,1.21,0.05,1.12,,,,,,,1.00,0.19,0.03,0.01,1.03,0.89,0.75,1.21,1.12,0.00,0.00,0.00,1.00,0.03,,,,,,,,,,,,,,,,,,,,
14,B159,Qf6a,,3987418,474891,11,-117.27871,36.03096,,drainage margin,2,3_2_clip_a,1,5,n,0.18,0.65,0.09,0.93,0.11,0.84,0.11,0.93,,,0.03,0.70,,,,,0.81,0.13,0.10,0.05,0.68,0.94,0.85,0.94,0.00,0.70,0.00,0.00,0.82,0.13,,,,,,,,,,,,,,,,,,,,
120,B160,Qf6b,,3987266,476041,11,-117.26593,36.02962,,bar,2,3_2_clip_a,1,5,n,0.06,1.45,0.04,1.68,0.07,1.31,0.06,1.68,0.07,1.59,,,,,,,1.54,0.16,0.06,0.01,1.45,1.68,1.31,1.68,1.59,0.00,0.00,0.00,1.54,0.04,,,,,,,,,,,,,,,,,,,,
119,B161,Qf6b,,3987241,476011,11,-117.26627,36.02939,,bar,2,3_2_clip_a,1,5,y,0.02,0.84,0.07,0.75,0.07,0.70,0.03,0.51,0.02,1.03,,,,,,,0.77,0.19,0.04,0.03,0.84,0.75,0.70,0.51,1.03,0.00,0.00,0.00,0.77,0.05,,,,,,,,,,,,,,,,,,,,
19,B162,Qf6a,,3985325,474132,11,-117.28706,36.01207,,bar,1,3_2_clip_a,1,5,n,0.06,0.98,0.04,1.40,0.05,1.12,0.05,1.21,0.06,1.17,,,,,,,1.18,0.15,0.05,0.01,0.98,1.40,1.12,1.21,1.17,0.00,0.00,0.00,1.18,0.04,,,,,,,,,,,,,,,,,,,,
18,B163,Qf6a,,3985352,474132,11,-117.28706,36.01231,,bar,2,3_2_clip_a,1,5,y,0.05,0.51,0.05,0.37,0.08,0.42,0.01,0.42,0.06,0.65,0.05,0.37,,,,,0.46,0.11,0.05,0.03,0.52,0.38,0.43,0.42,0.66,0.38,0.00,0.00,0.46,0.11,,,,,,,,,,,,,,,,,,,,
125,B164,Qf6a,,3986891,475821,11,-117.26837,36.02623,,bar,1,3_2_clip_a,1,5,n,0.06,1.03,0.06,1.26,0.08,1.31,0.08,1.73,0.06,1.45,,,,,,,1.35,0.26,0.07,0.01,1.03,1.26,1.31,1.73,1.45,0.00,0.00,0.00,1.36,0.05,,,,,,,,,,,,,,,,,,,,
115,B165,Qf6a,133,3987328,476043,11,-117.26591,36.03017,,bar,3,3_2_clip_a,1,5,n,0.04,0.93,0.09,0.47,0.06,0.70,0.08,0.65,0.09,0.75,,,,,,,0.70,0.17,0.07,0.02,0.93,0.47,0.70,0.66,0.75,0.00,0.00,0.00,0.70,0.10,,,,,,,,,,,,,,,,,,,,
116,B166,Qf6a,132,3987327,476127,11,-117.26499,36.03017,,bar,1,3_2_clip_a,1,5,n,0.01,1.12,0.01,1.17,0.03,0.89,0.00,1.12,0.01,1.03,,,,,,,1.06,0.11,0.01,0.01,1.12,1.17,0.89,1.12,1.03,0.00,0.00,0.00,1.06,0.01,,,,,,,,,,,,,,,,,,,,
126,B167,Qf6a,,3986911,475892,11,-117.26758,36.02641,,bar,2,3_2_clip_a,1,5,n,0.03,0.89,0.03,1.17,0.04,1.31,0.05,1.26,0.02,0.98,,,,,,,1.12,0.18,0.04,0.01,0.89,1.17,1.31,1.26,0.98,0.00,0.00,0.00,1.12,0.03,,,,,,,,,,,,,,,,,,,,
12,B168,Qf7,,3987423,474839,11,-117.27928,36.03100,,bar,3,3_2_clip_a,1,3,n,0.01,0.37,0.02,0.70,0.01,0.56,0.02,0.51,0.02,0.61,0.01,0.65,,,,,0.57,0.12,0.01,0.00,0.37,0.70,0.56,0.51,0.61,0.65,0.00,0.00,0.57,0.02,,,,,,,,,,,,,,,,,,,,
108,B169,Qf6a,,3987585,475980,11,-117.26662,36.03249,,bar,1,3_3_clip_a,1,6,n,,,0.12,1.07,0.15,0.99,0.16,1.19,0.08,1.27,0.16,1.19,,,,,1.14,0.11,0.13,0.03,0.00,1.07,1.00,1.20,1.28,1.20,0.00,0.00,1.15,0.12,,,,,,,,,,,,,,,,,,,,
118,B170,Qf6a,,3987277,476012,11,-117.26626,36.02971,,swale,1,3_3_clip_a,1,5,n,0.01,1.19,0.00,1.11,0.03,1.44,0.00,1.19,0.00,1.27,,,,,,,1.24,0.12,0.01,0.01,1.19,1.11,1.44,1.19,1.27,0.00,0.00,0.00,1.24,0.01,,,,,,,,,,,,,,,,,,,,
103,B171,Qf7,129,3987977,476260,11,-117.26353,36.03603,,bar,2,3_3_clip_a,1,4,n,0.03,0.57,0.02,0.57,0.02,0.53,0.04,0.62,0.04,0.66,,,,,,,0.59,0.05,0.03,0.01,0.58,0.58,0.53,0.62,0.66,0.00,0.00,0.00,0.59,0.05,,,,,,,,,,,,,,,,,,,,
106,B172,Qf6a,,3987712,476250,11,-117.26363,36.03365,,bar,2,3_3_clip_a,1,5,n,0.18,0.62,0.19,0.94,0.13,1.07,0.18,0.99,0.11,0.86,,,,,,,0.90,0.17,0.16,0.04,0.64,0.96,1.08,1.00,0.87,0.00,0.00,0.00,0.91,0.18,,,,,,,,,,,,,,,,,,,,
104,B173,Qf6a,,3987832,476259,11,-117.26353,36.03472,,swale,2,3_3_clip_a,1,3,n,0.01,1.55,0.03,1.36,0.03,1.36,0.10,1.19,0.04,1.27,,,,,,,1.34,0.13,0.04,0.03,1.55,1.36,1.36,1.19,1.27,0.00,0.00,0.00,1.35,0.03,,,,,,,,,,,,,,,,,,,,
112,B174,Qf6a,128,3987440,475999,11,-117.26640,36.03118,,bar,2,3_3_clip_a,1,4,n,0.07,1.40,0.15,1.52,0.08,1.64,0.09,1.52,0.08,1.56,0.12,1.44,,,,,1.51,0.09,0.10,0.03,1.40,1.53,1.64,1.52,1.56,1.44,0.00,0.00,1.52,0.07,,,,,,,,,,,,,,,,,,,,
113,B175,Qf6a,128,3987402,476005,11,-117.26634,36.03084,,bar,2,3_3_clip_a,1,4,y,0.06,1.81,0.10,1.52,0.12,1.68,0.10,1.72,0.19,1.64,,,,,,,1.68,0.11,0.12,0.05,1.81,1.52,1.69,1.73,1.65,0.00,0.00,0.00,1.68,0.07,,,,,,,,,,,,,,,,,,,,
109,B176,Qf6a,,3987588,476124,11,-117.26502,36.03252,,bar,1,3_3_clip_a,2,7,n,0.12,1.85,0.10,1.64,0.04,1.81,0.15,1.56,0.07,1.44,,,,,,,1.66,0.17,0.10,0.04,1.85,1.65,1.81,1.57,1.44,0.00,0.00,0.00,1.66,0.06,,,,,,,,,,,,,,,,,,,,
105,B177,Qf6a,,3987818,476307,11,-117.26299,36.03460,,bar,2,3_3_clip_a,1,5,n,0.09,0.70,0.12,0.74,0.09,0.86,0.06,0.94,0.11,0.66,,,,,,,0.78,0.12,0.10,0.02,0.70,0.75,0.87,0.95,0.67,0.00,0.00,0.00,0.79,0.12,,,,,,,,,,,,,,,,,,,,
28,B178,Qf6a,,3985209,474073,11,-117.28771,36.01102,,bar and swale,3,3_3_clip_a,1,5,n,0.01,0.62,0.01,0.82,0.04,0.62,0.03,0.57,0.06,0.86,,,,,,,0.70,0.13,0.03,0.02,0.62,0.82,0.62,0.58,0.86,0.00,0.00,0.00,0.70,0.04,,,,,,,,,,,,,,,,,,,,
102,B179,Qf6a,,3988016,476257,11,-117.26356,36.03639,,bar,3,3_3_clip_a,1,5,y,0.09,0.77,0.05,0.78,0.05,0.82,0.06,1.03,0.05,0.78,,,,,,,0.84,0.11,0.06,0.02,0.77,0.78,0.82,1.03,0.78,0.00,0.00,0.00,0.84,0.07,,,,,,,,,,,,,,,,,,,,
25,B180,Qf6a,,3985231,474062,11,-117.28783,36.01122,,bar and swale,3,3_3_clip_a,1,5,n,0.04,1.03,0.03,0.90,0.06,0.70,0.03,0.99,0.04,0.82,,,,,,,0.89,0.13,0.04,0.01,1.03,0.90,0.70,0.99,0.82,0.00,0.00,0.00,0.89,0.04,,,,,,,,,,,,,,,,,,,,
110,B181,Qf6a,,3987584,476124,11,-117.26502,36.03249,,bar,3,3_3_clip_a,1,5,y,0.03,1.31,0.00,1.07,0.02,1.19,0.00,1.15,0.04,0.82,0.00,0.94,0.02,1.19,,,1.10,0.17,0.02,0.01,1.31,1.07,1.19,1.15,0.82,0.94,1.19,0.00,1.10,0.01,,,,,,,,,,,,,,,,,,,,
101,B182,Qf6a,,3985069,474610,11,-117.28174,36.00977,,bar,3,3_3_clip_a,1,3,y,,,0.05,0.74,,,0.02,1.23,0.03,1.19,0.07,1.31,0.04,1.15,,,1.13,0.22,0.04,0.02,0.00,0.74,0.00,1.23,1.19,1.32,1.15,0.00,1.13,0.04,,,,,,,,,,,,,,,,,,,,
100,B183,Qf6a,,3985072,474604,11,-117.28181,36.00980,,bar and swale,3,3_3_clip_a,1,3,n,0.06,0.78,0.08,0.57,0.07,0.66,0.07,0.57,0.10,0.62,,,,,,,0.64,0.09,0.08,0.02,0.78,0.58,0.66,0.58,0.62,0.00,0.00,0.00,0.65,0.12,,,,,,,,,,,,,,,,,,,,
29,B184,Qf6a,,3985196,474064,11,-117.28781,36.01090,,swale,2,3_3_clip_a,5,10,n,,,0.10,1.27,0.07,1.23,0.08,1.03,0.05,1.27,,,0.01,1.19,0.05,1.11,1.18,0.10,0.06,0.03,0.00,1.28,1.23,1.03,1.27,0.00,1.19,1.11,1.19,0.05,,,,,,,,,,,,,,,,,,,,
107,B185,Qf6a,,3987589,475980,11,-117.26662,36.03253,,bar,3,3_3_clip_a,1,5,n,0.15,1.31,,,0.21,1.15,0.09,1.19,0.15,1.03,0.17,0.94,,,,,1.13,0.14,0.15,0.04,1.32,0.00,1.17,1.19,1.04,0.96,0.00,0.00,1.14,0.14,,,,,,,,,,,,,,,,,,,,
23,B186,Qf6b,,3985252,474076,11,-117.28768,36.01141,,bar,2,3_1_clip_a,1,5,n,0.10,1.13,0.00,1.39,0.04,0.96,0.05,1.30,0.03,1.22,0.01,1.35,,,,,1.22,0.16,0.04,0.03,1.13,1.39,0.96,1.31,1.22,1.35,0.00,0.00,1.23,0.03,,,,,,,,,,,,,,,,,,,,
111,B187,Qf6a,,3987577,476123,11,-117.26503,36.03242,,bar,2,3_1_clip_a,1,5,n,0.01,0.87,0.04,1.17,0.05,1.09,0.07,0.83,0.00,0.96,0.21,1.26,0.05,1.00,,,1.02,0.16,0.06,0.07,0.87,1.17,1.09,0.83,0.96,1.28,1.00,0.00,1.03,0.06,,,,,,,,,,,,,,,,,,,,
21,B188,Qf6b,,3985297,474173,11,-117.28660,36.01182,,bar,1,3_1_clip_a,1,5,n,,,0.09,0.61,0.04,0.70,0.08,0.52,0.03,0.70,0.04,0.52,,,,,0.61,0.09,0.06,0.03,0.00,0.62,0.70,0.53,0.70,0.52,0.00,0.00,0.61,0.09,,,,,,,,,,,,,,,,,,,,
124,B189,Qf6b,,3986923,475835,11,-117.26821,36.02652,,bar,2,3_1_clip_a,1,5,n,0.02,0.65,0.00,0.70,0.01,0.65,0.02,0.87,0.03,0.91,,,,,,,0.76,0.13,0.01,0.01,0.65,0.70,0.65,0.87,0.91,0.00,0.00,0.00,0.76,0.02,,,,,,,,,,,,,,,,,,,,
24,B190,Qf6b,,3985239,474042,11,-117.28805,36.01129,,drainage,3,3_1_clip_a,7,10,n,0.02,2.09,0.12,2.13,0.19,2.17,0.08,2.35,0.04,2.61,,,,,,,2.27,0.21,0.09,0.07,2.09,2.13,2.18,2.35,2.61,0.00,0.00,0.00,2.27,0.04,,,,,,,,,,,,,,,,,,,,
27,B191,Qf6b,,3985214,474071,11,-117.28773,36.01106,,swale,3,3_4_clip_a,1,5,,0.06,1.03,0.09,0.94,0.07,1.26,0.06,1.12,0.01,1.47,,,,,,,1.17,0.21,0.06,0.03,1.03,0.95,1.26,1.12,1.47,0.00,0.00,0.00,1.17,0.05,,,,,,,,,,,,,,,,,,,,
206,B192,Qf6b,,3986687,475636,11,-117.270411,36.024386,,bar and swale,2,3_3_clip_c,1,5,n,0.04,1.67,0.03,1.30,0.02,1.16,0.02,1.67,,,0.01,1.55,,,,,1.47,0.23,0.02,0.01,1.67,1.30,1.16,1.67,0.00,1.55,0.00,0.00,1.47,0.01,,,,,,,,,,,,,,,,,,,,
193,B193,Qf6a,,3985224,474068,11,-117.28776,36.01115,,bar and drainage,2.5,TZC1_clip2,2,5,n,0.10,1.77,0.09,1.34,0.14,1.50,0.11,1.20,0.15,1.60,,,,,,,1.48,0.22,0.12,0.03,1.77,1.35,1.51,1.21,1.61,0.00,0.00,0.00,1.49,0.08,,,,,,,,,,,,,,,,,,,,
194,B194,Qf6a,,3985337,474136,11,-117.28701,36.01218,,bar and swale,1.5,TZC1_clip1,1,5,n,0.09,0.54,0.09,0.70,0.11,0.46,0.10,0.50,0.07,0.65,,,,,,,0.57,0.10,0.09,0.01,0.55,0.70,0.48,0.51,0.66,0.00,0.00,0.00,0.58,0.16,,,,,,,,,,,,,,,,,,,,
195,B195,Qf6a,,3986636,475801,11,-117.26857,36.02393,,bar and swale,1.5,TZC3_1_clip1,1,5,n,0.09,1.57,0.15,1.35,0.03,1.13,0.11,1.44,0.13,1.30,0.10,1.17,,,,,1.33,0.16,0.10,0.04,1.57,1.36,1.13,1.44,1.31,1.17,0.00,0.00,1.33,0.07,,,,,,,,,,,,,,,,,,,,
196,B196,Qf6b,,3986805,475832,11,-117.26824,36.02546,,bar and swale,1.5,TZC3_4_clip_a,1,5,n,0.05,2.16,0.03,2.07,0.09,1.62,0.06,1.98,0.04,2.38,0.05,2.20,,,,,2.07,0.26,0.05,0.02,2.16,2.07,1.62,1.98,2.38,2.20,0.00,0.00,2.07,0.03,,,,,,,,,,,,,,,,,,,,
197,B197,Qf6a,,3986936,475857,11,-117.26796,36.02664,,bar and swale,1.5,TZC3_4_clip_b,1,3,y,0.03,0.99,0.07,0.90,0.03,1.21,0.04,0.94,0.03,0.99,0.05,0.85,0.06,0.90,0.07,1.12,0.99,0.12,0.05,0.02,0.99,0.90,1.21,0.94,0.99,0.85,0.90,1.12,0.99,0.05,,,,,,,,,,,,,,,,,,,,
198,B198,Qf7,,3986560,475623,11,-117.27055,36.02324,,bar crest,2.5,3_3_clip_b,1,3,y,0.09,0.63,0.05,0.55,0.08,0.76,0.04,0.60,0.04,0.56,,,,,,,0.62,0.08,0.06,0.02,0.64,0.55,0.76,0.60,0.56,0.00,0.00,0.00,0.62,0.10,,,,,,,,,,,,,,,,,,,,
199,B199,Qf7,,3986608,475631,11,-117.27046,36.02367,,bar,3.0,3_3_clip_c,1,3,y,0.09,0.55,0.08,0.38,0.07,0.53,0.08,0.63,0.05,0.78,,,,,,,0.58,0.14,0.08,0.01,0.56,0.39,0.54,0.64,0.78,0.00,0.00,0.00,0.58,0.13,,,,,,,,,,,,,,,,,,,,
200,B200,Qf6b,,3986646,475634,11,-117.27043,36.02401,,bar and drainage,1.5,3_3_clip_c,1,5,n,0.03,1.56,0.02,1.44,0.02,1.19,0.02,1.60,0.03,1.40,0.02,1.52,,,,,1.45,0.15,0.02,0.01,1.56,1.44,1.19,1.60,1.40,1.52,0.00,0.00,1.45,0.02,,,,,,,,,,,,,,,,,,,,
201,B201,Qf6b,,3986640,475633,11,-117.27044,36.02396,,bar,2.0,3_3_clip_c,1,5,n,0.09,1.68,0.08,1.60,0.02,1.31,0.09,1.44,0.05,1.52,,,,,,,1.51,0.14,0.07,0.03,1.69,1.60,1.31,1.44,1.52,0.00,0.00,0.00,1.51,0.04,,,,,,,,,,,,,,,,,,,,
202,B202,Qf7,,3986495,475596,11,-117.27085,36.02265,,swale,2.5,3_3_clip_a,1,5,n,0.01,0.82,0.00,0.90,0.01,0.74,0.00,0.66,0.00,0.82,,,,,,,0.79,0.09,0.00,0.00,0.82,0.90,0.74,0.66,0.82,0.00,0.00,0.00,0.79,0.00,,,,,,,,,,,,,,,,,,,,
203,B203,Qf7,,3986505,475634,11,-117.27042,36.02274,,bar,2.5,3_3_clip_a,1,3,y,0.02,0.78,0.02,0.62,0.00,0.72,0.03,0.57,0.01,0.80,,,,,,,0.70,0.10,0.02,0.01,0.78,0.62,0.72,0.58,0.80,0.00,0.00,0.00,0.70,0.03,,,,,,,,,,,,,,,,,,,,
204,B204,Qf7,,3986509,475635,11,-117.27042,36.02278,,bar crest,3.0,3_3_clip_a,1,5,n,,,0.08,0.70,0.06,0.53,,,,,0.06,0.76,0.00,0.88,0.04,0.74,0.72,0.13,0.05,0.03,0.00,0.70,0.54,0.00,0.00,0.76,0.88,0.74,0.73,0.07,,,,,,,,,,,,,,,,,,,,
205,B205,Qf6a,,3986582,475626,11,-117.27052,36.02343,,bar,1.5,3_3_clip_b,1,5,n,0.00,0.82,0.01,1.03,0.01,0.78,0.01,0.78,0.02,0.66,,,,,,,0.81,0.13,0.01,0.01,0.82,1.03,0.78,0.78,0.66,0.00,0.00,0.00,0.81,0.01,,,,,,,,,,,,,,,,,,,,
,,,,,,,,,,,,,,,,,,,,,,,,,,,,,,,,,,,,,,,,,,,,,,,,,,,,,,,,,,,,,,,,,
,,,,,,,,,,,,,,,,,,,,,,,,,,,,,,,,,,,,,,,,,,,,,,,,,,,,,,,,,,,,,,,,,
,,,,,,,,,,,,,,,,,,,,,,,,,,,,,,,,,,,,,,,,,,,,,,,,,,,,,,,,,,,,,,,,,
,,,,,,,,,,,,,,,,,,,,,,,,,,,,,,,,,,,,,,,,,,,,,,,,,,,,,,,,,,,,,,,,,
,,,,,,,,,,,,,,,,,,,,,,,,,,,,,,,,,,,,,,,,,,,,,,,,,,,,,,,,,,,,,,,,,
,,,,,,,,,,,,,,,,,,,,,,,,,,,,,,,,,,,,,,,,,,,,,,,,,,,,,,,,,,,,,,,,,